{"cameraMode":{"drawMode":0,"name":"Shaded","section":"Shading Mode"},"sceneLighting":false,"audioPlay":false,"sceneViewState":{"showFog":true,"showMaterialUpdate":false,"showSkybox":false,"showFlares":true,"showImageEffects":true,"showParticleSystems":true},"in2DMode":false,"pivot":{"x":12.26712417602539,"y":3.0909371376037599,"z":-4.345006942749023},"rotation":{"x":0.00567642692476511,"y":-0.06685107946395874,"z":-0.0003799763508141041,"w":-0.9977467656135559},"size":64.07266235351563,"orthographic":false}