{"cameraMode":{"drawMode":0,"name":"Shaded","section":"Shading Mode"},"sceneLighting":false,"audioPlay":false,"sceneViewState":{"showFog":true,"showMaterialUpdate":false,"showSkybox":false,"showFlares":true,"showImageEffects":true,"showParticleSystems":true},"in2DMode":false,"pivot":{"x":0.3967548906803131,"y":0.15307998657226563,"z":-0.7804338932037354},"rotation":{"x":0.11113647371530533,"y":0.7209292054176331,"z":-0.11894237995147705,"w":0.6736189723014832},"size":3.1618175506591799,"orthographic":false}