{"cameraMode":{"drawMode":0,"name":"Shaded","section":"Shading Mode"},"sceneLighting":false,"audioPlay":false,"sceneViewState":{"showFog":true,"showMaterialUpdate":false,"showSkybox":false,"showFlares":true,"showImageEffects":true,"showParticleSystems":true},"in2DMode":false,"pivot":{"x":0.0,"y":0.10000000149011612,"z":4.76837158203125e-7},"rotation":{"x":-0.010701920837163926,"y":-0.14141803979873658,"z":0.0015292591415345669,"w":-0.9898909330368042},"size":4.666905879974365,"orthographic":false}