{"cameraMode":{"drawMode":0,"name":"Shaded","section":"Shading Mode"},"sceneLighting":false,"audioPlay":false,"sceneViewState":{"showFog":true,"showMaterialUpdate":false,"showSkybox":false,"showFlares":true,"showImageEffects":true,"showParticleSystems":true},"in2DMode":false,"pivot":{"x":-5.5484299659729,"y":0.5324509143829346,"z":256.883544921875},"rotation":{"x":-0.2941470444202423,"y":0.13757990300655366,"z":-0.042831528931856158,"w":-0.9448358416557312},"size":40.932037353515628,"orthographic":false}